Date,Actual,Predicted,Error
2022-03-10,4614.0,4588.409192609066,25.59080739093406
2022-03-11,4558.25,4629.831770128758,-71.58177012875785
2022-03-14,4528.75,4562.296012466038,-33.54601246603761
2022-03-15,4618.75,4549.364770095473,69.38522990452657
2022-03-16,4714.75,4627.628829955898,87.12117004410175
2022-03-17,4767.25,4747.90776511691,19.342234883089986
2022-03-18,4818.75,4818.978360801915,-0.22836080191518704
2022-03-21,4817.5,4824.55930730019,-7.059307300190085
2022-03-22,4870.25,4849.554118669816,20.69588133018442
2022-03-23,4812.75,4833.488628744186,-20.738628744185917
2022-03-24,4877.75,4860.713183884049,17.036816115951297
2022-03-25,4901.75,4868.600547230346,33.14945276965409
2022-03-28,4933.25,4922.524085509736,10.725914490263676
2022-03-29,4990.75,4969.767903563787,20.982096436213396
2022-03-30,4961.25,4978.326093654676,-17.076093654675788
2022-03-31,4896.0,4953.695187634708,-57.69518763470842
2022-04-01,4904.5,4906.109154439771,-1.6091544397713733
2022-04-04,4943.0,4896.370142982838,46.62985701716207
2022-04-05,4885.5,4909.039879739847,-23.539879739846583
2022-04-06,4841.0,4894.753669754742,-53.75366975474208
2022-04-07,4861.5,4843.714106692129,17.785893307871447
2022-04-08,4848.75,4836.195560884911,12.554439115088826
2022-04-11,4774.25,4821.684186801867,-47.43418680186733
2022-04-12,4758.25,4787.555651957497,-29.305651957496593
2022-04-13,4807.5,4759.002006155313,48.49799384468679
2022-04-14,4752.75,4763.633990014547,-10.883990014546725
2022-04-19,4824.5,4804.147661681131,20.352338318869442
2022-04-20,4820.75,4803.547868370642,17.20213162935761
2022-04-21,4755.75,4801.456500211405,-45.706500211405
2022-04-22,4632.5,4724.64477193966,-92.14477193966013
2022-04-25,4658.0,4644.39063541508,13.609364584919604
2022-04-26,4535.75,4565.266163591268,-29.516163591268196
2022-04-27,4545.5,4557.22827632937,-11.728276329369692
2022-04-28,4648.75,4565.541254210761,83.2087457892394
2022-04-29,4492.75,4555.6487320389615,-62.8987320389615
2022-05-02,4516.25,4563.1388456019895,-46.88884560198949
2022-05-03,4534.5,4493.164785552682,41.33521444731832
2022-05-04,4660.5,4568.388663615722,92.11133638427782
2022-05-05,4508.5,4587.441857892058,-78.94185789205767
2022-05-06,4484.75,4560.272658887394,-75.52265888739385
2022-05-09,4352.75,4402.357688129343,-49.60768812934293
2022-05-10,4362.0,4347.153962806998,14.846037193002303
2022-05-11,4295.5,4306.249433748914,-10.74943374891427
2022-05-12,4292.5,4298.410393250169,-5.9103932501693635
2022-05-13,4385.0,4328.5202388388925,56.47976116110749
2022-05-16,4370.0,4357.719795016881,12.280204983118892
2022-05-17,4450.0,4434.980723417918,15.019276582082057
2022-05-18,4288.0,4375.80198451251,-87.80198451250999
2022-05-19,4263.0,4317.613097136839,-54.613097136839315
2022-05-20,4264.75,4230.003095805852,34.746904194147646
2022-05-23,4337.0,4270.136356548537,66.86364345146285
2022-05-24,4305.75,4317.174152600368,-11.424152600367961
2022-05-25,4342.0,4352.485486219139,-10.485486219138693
2022-05-26,4421.0,4369.819651198397,51.18034880160303
2022-05-27,4521.0,4451.444904381868,69.55509561813233
2022-05-31,4496.5,4521.810710058584,-25.310710058583936
2022-06-01,4464.25,4518.762335953629,-54.51233595362919
2022-06-02,4540.5,4503.281578661311,37.21842133868904
2022-06-03,4472.25,4478.38555356052,-6.135553560519838
2022-06-06,4485.75,4510.619171064116,-24.869171064116017
2022-06-07,4524.0,4492.704591089957,31.29540891004308
2022-06-08,4479.25,4496.580216099883,-17.33021609988282
2022-06-09,4381.5,4461.8660066929315,-80.36600669293148
2022-06-10,4264.25,4342.479776395135,-78.22977639513465
2022-06-13,4115.75,4191.91409410855,-76.16409410854976
2022-06-14,4102.0,4094.6219717714994,7.378028228500625
2022-06-15,4154.5,4094.385765911248,60.1142340887518
2022-06-16,4033.5,4091.8279260286577,-58.32792602865766
2022-06-17,4038.0,4087.402197229014,-49.40219722901384
2022-06-21,4130.0,4050.1116068952715,79.8883931047285
2022-06-22,4125.0,4095.7129874514812,29.28701254851876
2022-06-23,4162.0,4166.41885079989,-4.418850799889697
2022-06-24,4278.5,4213.52543104368,64.97456895631967
2022-06-27,4266.0,4256.633216374312,9.366783625688186
2022-06-28,4187.75,4264.994641918474,-77.24464191847437
2022-06-29,4183.5,4210.4507988981795,-26.950798898179528
2022-06-30,4151.75,4143.468298057314,8.281701942685686
2022-07-01,4189.5,4169.19996752869,20.30003247131026
2022-07-05,4196.25,4186.076861942975,10.173138057025426
2022-07-06,4210.5,4215.501197255846,-5.001197255845909
2022-07-07,4267.25,4241.163925700106,26.08607429989388
2022-07-08,4263.5,4261.14197752881,2.358022471190452
2022-07-11,4219.0,4264.322149830466,-45.322149830465605
2022-07-12,4186.0,4220.501668229625,-34.501668229624556
2022-07-13,4166.75,4168.860911213356,-2.110911213356303
2022-07-14,4155.5,4158.324409087728,-2.8244090877278722
2022-07-15,4227.25,4120.963538587359,106.28646141264107
2022-07-18,4196.0,4211.856364770647,-15.856364770646906
2022-07-19,4299.75,4270.488965539814,29.261034460186238
2022-07-20,4324.75,4289.22361191702,35.52638808297979
2022-07-21,4363.5,4360.436339705069,3.0636602949307417
2022-07-22,4327.25,4365.519190642774,-38.26919064277445
2022-07-25,4332.25,4346.457896383328,-14.207896383328261
2022-07-26,4285.5,4313.706518573944,-28.206518573943868
2022-07-27,4386.75,4327.072632471372,59.677367528627656
2022-07-28,4435.75,4383.88383556176,51.86616443824005
2022-07-29,4495.75,4482.684634889922,13.065365110078346
2022-08-01,4482.75,4509.630074618449,-26.880074618448816
2022-08-02,4456.0,4491.630980617401,-35.63098061740129
2022-08-03,4518.5,4489.4787761654525,29.021223834547527
2022-08-04,4514.5,4494.439366088329,20.060633911671175
2022-08-05,4509.0,4532.971539674629,-23.97153967462873
2022-08-08,4504.0,4521.480126733481,-17.480126733480574
2022-08-09,4486.75,4494.396422928744,-7.646422928743959
2022-08-10,4572.25,4528.703094098836,43.54690590116388
2022-08-11,4572.0,4555.783809933324,16.216190066676063
2022-08-12,4643.25,4625.056843846394,18.19315615360574
2022-08-15,4660.5,4649.2405754364445,11.259424563555513
2022-08-16,4670.0,4677.249598654467,-7.249598654467263
2022-08-17,4639.0,4666.263870442386,-27.263870442386178
2022-08-18,4648.75,4651.510705914699,-2.760705914699429
2022-08-19,4593.75,4619.670413181439,-25.920413181438562
2022-08-22,4503.5,4570.183250657321,-66.68325065732097
2022-08-23,4492.75,4508.503746680655,-15.75374668065524
2022-08-24,4505.0,4474.293791957669,30.706208042331127
2022-08-25,4563.25,4521.030624624771,42.21937537522899
2022-08-26,4421.75,4507.75109769655,-86.00109769654955
2022-08-29,4393.5,4456.210498643998,-62.71049864399811
2022-08-30,4349.75,4352.166548603756,-2.4165486037563824
2022-08-31,4318.75,4323.495668774393,-4.74566877439338
2022-09-01,4331.0,4327.735785869147,3.264214130853361
2022-09-02,4286.75,4310.8551659254235,-24.105165925423535
2022-09-06,4272.75,4298.679496445795,-25.92949644579494
2022-09-07,4342.25,4300.257690057201,41.992309942798784
2022-09-08,4367.75,4338.692326896707,29.057673103293382
2022-09-09,4429.5,4408.81809541572,20.681904584280346
2022-09-12,4473.0,4460.4445813649945,12.55541863500548
2022-09-13,4293.5,4416.193010711688,-122.69301071168775
2022-09-14,4309.75,4346.659574368168,-36.90957436816825
2022-09-15,4264.25,4246.915428758267,17.3345712417331
2022-09-16,4235.0,4242.488913075086,-7.488913075086202
2022-09-19,4262.25,4257.780282682141,4.469717317859249
2022-09-20,4217.75,4243.0808433266175,-25.33084332661747
2022-09-21,4151.25,4207.875546292553,-56.625546292552826
2022-09-22,4117.0,4150.6021257180455,-33.6021257180455
2022-09-23,4054.0,4074.664205474154,-20.664205474154187
2022-09-26,4015.0,4039.6671864044783,-24.667186404478343
2022-09-27,4006.0,4010.5122154745623,-4.512215474562254
2022-09-28,4077.0,4026.201892582444,50.79810741755591
2022-09-29,3999.25,4039.8225834662608,-40.57258346626077
2022-09-30,3946.5,4002.7175479829302,-56.21754798293023
2022-10-03,4035.25,3984.160745969092,51.089254030907796
2022-10-04,4148.25,4042.296002597862,105.95399740213816
2022-10-05,4139.0,4154.147297599602,-15.147297599602098
2022-10-06,4101.75,4175.222829365802,-73.47282936580177
2022-10-07,3998.25,4074.6925900540496,-76.44259005404956
2022-10-10,3970.25,3986.809666767632,-16.559666767631825
2022-10-11,3944.25,3937.807254261416,6.442745738584108
2022-10-12,3933.5,3934.584321765337,-1.084321765336881
2022-10-13,4026.75,3975.7748627149376,50.975137285062374
2022-10-14,3942.5,3980.574806548561,-38.0748065485609
2022-10-17,4034.25,4025.1242495570987,9.125750442901335
2022-10-18,4077.75,4032.8596677104515,44.890332289548496
2022-10-19,4052.25,4077.0011346667416,-24.751134666741564
2022-10-20,4020.25,4066.82363246837,-46.57363246836985
2022-10-21,4109.0,4064.356808913448,44.64319108655218
2022-10-24,4154.25,4102.187884651514,52.06211534848626
2022-10-25,4215.25,4202.539134607692,12.710865392307824
2022-10-26,4186.0,4222.767379833402,-36.76737983340172
2022-10-27,4164.5,4201.849420030328,-37.349420030327565
2022-10-28,4256.25,4201.443408787231,54.80659121276858
2022-10-31,4228.0,4227.7344842331095,0.26551576689053036
2022-11-01,4211.0,4256.826833131272,-45.826833131272
2022-11-02,4113.75,4189.221387289036,-75.4713872890361
2022-11-03,4072.75,4102.480616339384,-29.73061633938414
2022-11-04,4124.5,4074.568663989022,49.93133601097816
2022-11-07,4160.25,4117.944180867642,42.30581913235801
2022-11-08,4180.25,4184.9891393409525,-4.7391393409525335
2022-11-09,4100.5,4173.367610085927,-72.86761008592657
2022-11-10,4306.0,4214.278959848789,91.72104015121113
2022-11-11,4345.25,4266.2087688093725,79.04123119062751
2022-11-14,4311.0,4372.032865516579,-61.03286551657857
2022-11-15,4344.5,4362.326618390132,-17.826618390132353
2022-11-16,4313.5,4318.923559476867,-5.423559476867013
2022-11-17,4300.25,4310.340696734587,-10.090696734587254
2022-11-18,4319.0,4317.943997863635,1.0560021363653505
2022-11-21,4303.0,4303.769505905664,-0.7695059056641185
2022-11-22,4355.25,4340.655001849726,14.594998150273568
2022-11-23,4378.0,4359.7599090317835,18.240090968216464
2022-11-25,4377.5,4396.638822250043,-19.138822250042722
2022-11-28,4315.25,4365.8631793970335,-50.61317939703349
2022-11-29,4307.0,4327.887476617427,-20.887476617426728
2022-11-30,4426.25,4341.0839803819845,85.16601961801553
2022-12-01,4426.75,4401.732327942809,25.017672057190794
2022-12-02,4420.5,4459.730518301148,-39.23051830114764
2022-12-05,4348.25,4410.0500380862595,-61.80003808625952
2022-12-06,4290.0,4328.7511185204185,-38.75111852041846
2022-12-07,4281.75,4278.877495801244,2.87250419875636
2022-12-08,4310.75,4281.62570874709,29.124291252909643
2022-12-09,4281.25,4293.349938788979,-12.099938788978761
2022-12-12,4336.75,4331.703300230208,5.0466997697922125
2022-12-13,4367.25,4339.894912192126,27.355087807874042
2022-12-14,4343.0,4371.1721566911665,-28.172156691166492
2022-12-15,4239.5,4314.560493079124,-75.06049307912417
2022-12-16,4191.25,4235.686290585779,-44.436290585778806
2022-12-19,4157.75,4145.296563975352,12.453436024648
2022-12-20,4161.5,4150.430719017643,11.069280982356759
2022-12-21,4218.0,4183.899084059583,34.1009159404166
2022-12-22,4161.5,4197.269409042005,-35.769409042004554
2022-12-23,4182.0,4204.540169534098,-22.540169534097913
2022-12-27,4167.25,4165.855942445175,1.3940575548249399
2022-12-28,4119.75,4148.46444332413,-28.714443324130116
2022-12-29,4184.0,4154.267053801327,29.732946198672835
2022-12-30,4173.25,4164.8535570403465,8.396442959653541
2023-01-03,4158.25,4174.620688009447,-16.370688009446894
2023-01-04,4186.75,4184.151498435183,2.5985015648166154
2023-01-05,4141.25,4159.653040273914,-18.403040273913575
2023-01-06,4227.75,4192.593593855816,35.156406144184075
2023-01-09,4226.0,4219.278093094441,6.721906905559081
2023-01-10,4253.0,4261.429683400747,-8.429683400747308
2023-01-11,4302.25,4279.368751725076,22.881248274923564
2023-01-12,4315.75,4307.955472567937,7.7945274320627504
2023-01-13,4330.5,4330.566981638407,-0.06698163840701454
2023-01-17,4321.75,4334.448145241538,-12.698145241538441
2023-01-18,4258.0,4307.575439350792,-49.575439350792294
2023-01-19,4227.75,4255.407063055533,-27.6570630555334
2023-01-20,4300.75,4254.908905111661,45.841094888339285
2023-01-23,4348.75,4303.991745457577,44.75825454242295
2023-01-24,4345.0,4366.482401361701,-21.482401361700795
2023-01-25,4344.25,4376.37170392495,-32.12170392495045
2023-01-26,4387.75,4364.332663169329,23.417336830671047
2023-01-27,4396.5,4373.494409977732,23.005590022267825
2023-01-30,4344.75,4392.703968154952,-47.953968154952236
2023-01-31,4402.25,4385.762569749107,16.48743025089334
2023-02-01,4444.5,4402.699055549742,41.8009444502577
2023-02-02,4503.75,4480.67402276912,23.0759772308802
2023-02-03,4460.0,4493.513875370267,-33.51387537026676
2023-02-06,4435.75,4490.237182943137,-54.48718294313676
2023-02-07,4488.0,4448.035507918175,39.964492081824574
2023-02-08,4442.75,4456.605223315948,-13.855223315948024
2023-02-09,4404.0,4447.244060634848,-43.24406063484821
2023-02-10,4412.0,4413.3179788200805,-1.3179788200804978
2023-02-13,4459.5,4418.367693694252,41.13230630574799
2023-02-14,4457.75,4454.820385086949,2.9296149130514095
2023-02-15,4470.5,4488.525802861188,-18.025802861187913
2023-02-16,4412.0,4452.508697344869,-40.50869734486878
2023-02-17,4399.75,4420.20395601456,-20.45395601456039
2023-02-21,4318.0,4353.059205413857,-35.059205413856944
2023-02-22,4311.25,4318.011508024589,-6.761508024588693
2023-02-23,4331.0,4309.730626325378,21.26937367462233
2023-02-24,4288.0,4302.9334027661735,-14.933402766173458
2023-02-27,4300.25,4320.014813881012,-19.764813881011833
2023-02-28,4287.75,4288.713330324577,-0.9633303245773277
2023-03-01,4268.75,4285.12895351092,-16.378953510919928
2023-03-02,4297.0,4287.827168245385,9.17283175461489
2023-03-03,4362.0,4320.161140762371,41.83885923762864
2023-03-06,4364.75,4360.945407824312,3.8045921756884127
2023-03-07,4302.0,4366.822263045017,-64.82226304501728
2023-03-08,4307.25,4321.064832909364,-13.814832909363759
2023-03-09,4232.25,4261.657657996757,-29.407657996756825
2023-03-10,4175.0,4215.261091426224,-40.261091426224084
2023-03-13,4169.0,4171.868100425892,-2.8681004258924077
2023-03-14,4232.75,4176.343049864286,56.406950135714396
2023-03-15,4205.0,4206.69209626821,-1.6920962682097525
2023-03-16,4272.75,4242.585598320004,30.164401679996445
2023-03-17,4225.25,4266.834502746163,-41.5845027461628
2023-03-20,4261.25,4238.849520728379,22.400479271621407
2023-03-21,4314.0,4323.664041336126,-9.664041336125592
2023-03-22,4248.75,4274.382565438692,-25.632565438691927
2023-03-23,4256.25,4291.579765019723,-35.3297650197228
2023-03-24,4279.5,4254.5451987842025,24.954801215797488
2023-03-27,4285.5,4248.671529511672,36.828470488328094
2023-03-28,4279.75,4303.414528493384,-23.66452849338384
2023-03-29,4335.75,4302.767811791166,32.98218820883358
2023-03-30,4358.25,4344.188654147596,14.061345852403974
2023-03-31,4416.0,4400.249863860194,15.750136139806273
2023-04-03,4432.0,4435.263533775959,-3.2635337759593313
2023-04-04,4407.25,4437.8073891639015,-30.557389163901462
2023-04-05,4395.5,4419.308084360176,-23.8080843601756
2023-04-06,4410.25,4394.0639634116615,16.18603658833854
2023-04-11,4414.75,4410.699119412181,4.050880587818938
2023-04-12,4397.25,4417.477668288275,-20.2276682882748
2023-04-13,4451.0,4435.986560253603,15.013439746397125
2023-04-14,4442.0,4438.780100952955,3.2198990470451463
2023-04-17,4455.0,4469.572941825685,-14.57294182568512
2023-04-18,4458.25,4456.235136035974,2.014863964025608
2023-04-19,4456.75,4466.303542294633,-9.55354229463319
2023-04-20,4430.75,4441.56595265711,-10.815952657109847
2023-04-21,4435.0,4447.635242781531,-12.635242781530906
2023-04-24,4437.75,4430.739989769618,7.01001023038225
2023-04-25,4371.5,4421.182626484097,-49.682626484097455
2023-04-26,4354.25,4380.357617269722,-26.10761726972214
2023-04-27,4432.0,4374.435336226099,57.564663773900975
2023-04-28,4466.75,4422.651645729737,44.09835427026337
2023-05-02,4415.0,4467.721434464627,-52.72143446462724
2023-05-03,4385.75,4437.360201957424,-51.61020195742367
2023-05-04,4354.0,4367.725510529968,-13.725510529968233
2023-05-05,4428.5,4374.4415165421615,54.05848345783852
2023-05-08,4431.0,4413.239601371535,17.760398628464827
2023-05-09,4412.25,4444.684033407504,-32.4340334075041
2023-05-10,4430.25,4440.852996033538,-10.602996033538147
2023-05-11,4422.0,4411.228660843322,10.77133915667764
2023-05-12,4416.25,4433.376682575063,-17.12668257506266
2023-05-15,4428.25,4422.942084687289,5.307915312710975
2023-05-16,4401.25,4423.458527489231,-22.20852748923062
2023-05-17,4449.75,4429.147562449011,20.602437550988725
2023-05-18,4490.25,4458.2733774631615,31.976622536838477
2023-05-19,4483.0,4491.887587068083,-8.887587068083121
2023-05-22,4483.25,4505.248435900386,-21.99843590038563
2023-05-23,4437.0,4470.080185790918,-33.08018579091822
2023-05-24,4404.25,4426.591306206925,-22.341306206924855
2023-05-25,4438.0,4420.097118441941,17.902881558058652
2023-05-26,4491.5,4443.554951415838,47.94504858416167
2023-05-30,4493.25,4504.098353810452,-10.848353810451954
2023-05-31,4468.75,4503.824711771507,-35.07471177150728
2023-06-01,4506.25,4499.40093470678,6.84906529321961
2023-06-02,4566.25,4512.457987832847,53.79201216715319
2023-06-05,4559.25,4565.39154671987,-6.141546719870348
2023-06-06,4568.0,4590.825558276021,-22.825558276021184
2023-06-07,4552.5,4564.899765086988,-12.399765086987827
2023-06-08,4576.5,4564.69247778619,11.807522213810444
2023-06-09,4583.0,4571.924390627451,11.07560937254857
2023-06-12,4621.0,4610.930629851289,10.069370148710732
2023-06-13,4650.0,4635.076158477759,14.923841522240764
2023-06-14,4652.5,4665.239159990626,-12.739159990625922
2023-06-15,4704.75,4688.839887801794,15.910112198205752
2023-06-16,4687.25,4691.964171392254,-4.714171392253775
2023-06-20,4668.25,4701.150951229148,-32.90095122914772
2023-06-21,4642.75,4659.514189225911,-16.76418922591074
2023-06-22,4657.25,4649.076823185718,8.17317681428176
2023-06-23,4622.5,4632.480857518713,-9.980857518712583
2023-06-26,4603.75,4631.721389817712,-27.971389817712407
2023-06-27,4652.25,4622.41677376567,29.83322623433014
2023-06-28,4651.0,4640.028892580987,10.971107419012696
2023-06-29,4669.25,4673.481162587759,-4.231162587759172
2023-06-30,4721.75,4702.8605339103215,18.889466089678535
2023-07-03,4725.75,4718.136225299882,7.613774700117574
2023-07-05,4717.25,4741.59860456678,-24.348604566779613
2023-07-06,4680.5,4709.0339496484885,-28.533949648488488
2023-07-07,4667.5,4677.339003183057,-9.839003183056775
2023-07-10,4677.75,4671.071996461902,6.6780035380979825
2023-07-11,4707.0,4685.412296388506,21.587703611494362
2023-07-12,4741.0,4726.2480033693355,14.751996630664507
2023-07-13,4777.0,4763.183864781708,13.816135218292402
2023-07-14,4770.25,4778.9853050579,-8.735305057900405
2023-07-17,4787.25,4793.89177421776,-6.64177421776003
2023-07-18,4821.25,4800.170882252774,21.07911774722561
2023-07-19,4830.5,4827.64348120065,2.856518799349942
2023-07-20,4799.0,4829.68318228994,-30.683182289940305
2023-07-21,4798.25,4807.541120261611,-9.291120261610558
2023-07-24,4817.0,4809.407775107551,7.5922248924489395
2023-07-25,4829.5,4812.47611334352,17.02388665647959
2023-07-26,4828.75,4843.8535134749,-15.103513474899955
2023-07-27,4797.75,4820.2744194430825,-22.52441944308248
2023-07-28,4840.0,4823.542171613937,16.45782838606283
2023-07-31,4848.0,4830.270515570196,17.72948442980396
2023-08-01,4834.75,4855.329459799507,-20.579459799507276
2023-08-02,4770.75,4819.281939931513,-48.53193993151308
2023-08-03,4755.25,4774.937838926826,-19.68783892682586
2023-08-04,4731.5,4730.117991283258,1.382008716742348
2023-08-07,4771.25,4746.232762716058,25.01723728394245
2023-08-08,4752.0,4760.61054205049,-8.61054205049004
2023-08-09,4719.25,4753.5149137346425,-34.264913734642505
2023-08-10,4719.25,4730.66854654435,-11.418546544349738
2023-08-11,4714.25,4703.920076277287,10.32992372271292
2023-08-14,4739.5,4728.771541116849,10.728458883150779
2023-08-15,4687.5,4714.076496345089,-26.576496345089254
2023-08-16,4653.5,4696.135721065908,-42.635721065908
2023-08-17,4618.0,4630.897105808524,-12.89710580852443
2023-08-18,4616.25,4614.806746405726,1.4432535942742106
2023-08-21,4646.0,4621.429993895101,24.57000610489922
2023-08-22,4632.75,4639.90882888811,-7.158828888110293
2023-08-23,4680.5,4667.869342212227,12.630657787773089
2023-08-24,4619.5,4648.869741495621,-29.369741495621383
2023-08-25,4647.75,4653.346370986261,-5.596370986260808
2023-08-28,4675.75,4641.043931913984,34.706068086015875
2023-08-29,4740.25,4704.210908590134,36.03909140986616
2023-08-30,4757.75,4748.12588749874,9.624112501260242
2023-08-31,4749.5,4781.177951322813,-31.677951322812987
2023-09-01,4755.0,4762.1434417092005,-7.143441709200488
2023-09-05,4736.0,4743.028457565117,-7.028457565116696
2023-09-06,4705.0,4724.183773091001,-19.183773091001058
2023-09-07,4689.75,4706.2130599548755,-16.46305995487546
2023-09-08,4695.25,4685.101969049161,10.148030950838802
2023-09-11,4723.75,4709.848446276742,13.901553723258075
2023-09-12,4698.5,4711.552854175514,-13.052854175513858
2023-09-13,4702.25,4721.602117612727,-19.352117612726943
2023-09-14,4739.5,4715.564921546849,23.93507845315071
2023-09-15,4682.5,4712.345825676506,-29.845825676506138
2023-09-18,4686.0,4706.735667182393,-20.735667182392717
2023-09-19,4674.5,4675.103783987388,-0.603783987387942
2023-09-20,4631.5,4655.989514808617,-24.48951480861706
2023-09-21,4556.5,4611.633959260193,-55.13395926019257
2023-09-22,4545.5,4555.859844920283,-10.35984492028274
2023-09-25,4563.25,4538.291232780293,24.958767219706715
2023-09-26,4499.25,4526.866494012653,-27.616494012652765
2023-09-27,4498.0,4527.1028508684185,-29.1028508684185
2023-09-28,4522.0,4493.161276029922,28.838723970077808
2023-09-29,4510.0,4515.579130742018,-5.579130742017696
2023-10-02,4508.75,4517.3171551230525,-8.567155123052544
2023-10-03,4449.25,4495.007135881288,-45.75713588128838
2023-10-04,4482.25,4468.470484845661,13.779515154338696
2023-10-05,4475.25,4464.711501842285,10.538498157715367
2023-10-06,4526.0,4503.363204386655,22.636795613345384
2023-10-09,4553.25,4539.962096801994,13.287903198005552
2023-10-10,4576.0,4572.881639037079,3.118360962920633
2023-10-11,4594.25,4592.709368061915,1.5406319380854256
2023-10-12,4565.0,4587.8095963673495,-22.809596367349513
2023-10-13,4541.75,4562.148092900104,-20.39809290010362
2023-10-16,4585.5,4565.249695407926,20.250304592073917
2023-10-17,4586.25,4571.4048913622655,14.845108637734484
2023-10-18,4526.75,4578.4545733828345,-51.704573382834496
2023-10-19,4487.5,4531.36565770292,-43.865657702919634
2023-10-20,4433.0,4456.273298582553,-23.273298582553252
2023-10-23,4426.25,4424.732923252273,1.5170767477266054
2023-10-24,4455.75,4426.071322603992,29.678677396008425
2023-10-25,4394.25,4425.761435057912,-31.511435057912422
2023-10-26,4341.0,4394.67173404374,-53.67173404373989
2023-10-27,4322.25,4337.011987667493,-14.761987667492576
2023-10-30,4370.25,4328.633884279649,41.616115720351445
2023-10-31,4396.75,4369.076708185757,27.673291814243385
2023-11-01,4440.5,4431.965921382699,8.53407861730102
2023-11-02,4520.25,4480.426725821407,39.82327417859324
2023-11-03,4560.5,4535.718995804007,24.781004195992864
2023-11-06,4568.75,4583.329993713919,-14.579993713919066
2023-11-07,4580.5,4585.636162093907,-5.136162093906933
2023-11-08,4584.0,4588.613059054995,-4.613059054994665
2023-11-09,4546.75,4568.526924357061,-21.776924357061034
2023-11-10,4615.0,4590.261851033445,24.738148966554945
2023-11-13,4609.75,4598.124899264338,11.625100735662272
2023-11-14,4695.5,4665.336160974783,30.163839025217385
2023-11-15,4703.75,4698.627154814249,5.12284518575143
2023-11-16,4707.75,4724.873337062798,-17.123337062797873
2023-11-17,4712.0,4721.509464807827,-9.509464807826589
2023-11-20,4746.75,4726.033358135539,20.716641864461053
2023-11-21,4735.75,4737.396408923907,-1.6464089239070745
2023-11-22,4751.75,4757.998475082943,-6.248475082942605
2023-11-24,4752.75,4754.873168145741,-2.123168145741147
2023-11-27,4745.5,4753.5861176846065,-8.086117684606506
2023-11-28,4747.5,4753.863557507017,-6.363557507016594
2023-11-29,4743.75,4749.68452802914,-5.934528029139983
2023-11-30,4761.25,4753.342763885625,7.907236114375337
2023-12-01,4785.25,4775.912922525217,9.337077474782745
2023-12-04,4761.0,4773.930854846254,-12.930854846254078
2023-12-05,4759.5,4776.144240142063,-16.6442401420627
2023-12-06,4740.5,4747.666876819203,-7.166876819203026
2023-12-07,4774.0,4756.9714357721,17.02856422789955
2023-12-08,4792.0,4775.214445863117,16.785554136882638
2023-12-11,4810.5,4810.715047528398,-0.21504752839791763
2023-12-12,4830.25,4824.2086246122135,6.041375387786502
2023-12-13,4892.75,4864.574529837051,28.17547016294884
2023-12-14,4906.0,4889.33351688519,16.666483114810035
2023-12-15,4900.0,4925.024974544008,-25.02497454400782
2023-12-18,4925.0,4921.603025190251,3.3969748097488264
2023-12-19,4952.25,4931.432699357966,20.817300642033842
2023-12-20,4881.75,4927.4253404447345,-45.6753404447345
2023-12-21,4928.75,4921.4936363367615,7.256363663238517
2023-12-22,4937.25,4913.956538842671,23.293461157329148
2023-12-27,4965.5,4952.3997836361505,13.10021636384954
2023-12-28,4964.25,4976.709458981164,-12.459458981164062
2023-12-29,4952.0,4968.351197091371,-16.351197091371432
2024-01-02,4919.25,4940.37176949843,-21.121769498429785
2024-01-03,4878.5,4907.731110307038,-29.231110307037852
2024-01-04,4861.5,4867.961852196412,-6.46185219641211
2024-01-05,4866.75,4863.176256441745,3.573743558255046
2024-01-08,4933.25,4885.968041747146,47.281958252853656
2024-01-09,4924.75,4928.278878285568,-3.528878285567771
2024-01-10,4952.25,4955.189180467934,-2.9391804679344204
2024-01-11,4947.5,4954.895329790652,-7.395329790651886
2024-01-12,4948.5,4950.46549270884,-1.9654927088404293
2024-01-16,4930.5,4942.857585641188,-12.357585641188052
2024-01-17,4903.25,4920.903161562717,-17.653161562717287
2024-01-18,4943.25,4920.549247190587,22.700752809412734
2024-01-19,5001.5,4959.8103833946425,41.689616605357514
2024-01-22,5013.0,5014.817808210191,-1.8178082101912878
2024-01-23,5027.0,5038.26491975182,-11.264919751820344
2024-01-24,5030.0,5035.056934368841,-5.056934368841212
2024-01-25,5055.25,5035.315403778182,19.93459622181763
2024-01-26,5048.25,5048.391503416202,-0.14150341620188556
2024-01-29,5086.5,5077.3826888158965,9.117311184103528
2024-01-30,5083.0,5077.432629894464,5.567370105535701
2024-01-31,5002.5,5067.917974696173,-65.41797469617268
2024-02-01,5060.5,5039.662663732075,20.83733626792491
2024-02-02,5112.25,5058.625942530749,53.624057469251056
2024-02-05,5094.0,5099.686622536381,-5.686622536381037
2024-02-06,5106.75,5135.317261652062,-28.56726165206237
2024-02-07,5147.25,5120.645249478437,26.60475052156289
2024-02-08,5149.75,5140.4847544823515,9.26524551764851
2024-02-09,5176.0,5167.754266106989,8.245733893010765
2024-02-12,5173.25,5179.9471332648245,-6.697133264824515
2024-02-13,5103.25,5147.896652080996,-44.64665208099632
2024-02-14,5150.0,5144.651843348305,5.348156651694808
2024-02-15,5178.5,5133.393969314605,45.106030685395126
2024-02-16,5151.75,5175.302312922897,-23.552312922896817
2024-02-20,5123.5,5159.62724177413,-36.1272417741302
2024-02-21,5128.25,5132.1585919754,-3.9085919753997587
2024-02-22,5229.75,5155.80239458479,73.94760541521009
2024-02-23,5233.5,5217.6933530173355,15.80664698266446
2024-02-26,5212.25,5255.21633087896,-42.966330878960434
2024-02-27,5222.0,5232.052186618602,-10.052186618601809
2024-02-28,5213.0,5209.1951518055575,3.8048481944424566
2024-02-29,5235.75,5221.465542470436,14.284457529563952
2024-03-01,5278.0,5254.0854251669425,23.914574833057486
2024-03-04,5270.25,5274.706550398843,-4.456550398843319
2024-03-05,5217.75,5265.859972041624,-48.10997204162413
2024-03-06,5243.75,5240.983132309682,2.7668676903176674
2024-03-07,5293.75,5245.055560161878,48.69443983812198
2024-03-08,5261.0,5277.231544701532,-16.231544701531675
2024-03-11,5255.0,5283.306545350286,-28.306545350285887
2024-03-12,5309.25,5280.146003269629,29.103996730371364
2024-03-13,5300.0,5285.248934735412,14.75106526458785
2024-03-14,5285.75,5314.4612640530895,-28.711264053089508
2024-03-15,5250.5,5278.938926310906,-28.438926310906027
2024-03-18,5282.5,5262.607246053534,19.892753946465746
2024-03-19,5309.5,5280.60798009366,28.892019906339556
2024-03-20,5354.5,5330.955242894514,23.544757105485587
2024-03-21,5370.25,5371.034777158318,-0.7847771583183203
2024-03-22,5361.0,5376.077433320177,-15.077433320177079
2024-03-25,5346.0,5364.05420812757,-18.054208127569837
2024-03-26,5333.0,5336.088707395735,-3.088707395734673
2024-03-27,5376.0,5350.07148609739,25.928513902609666
2024-03-28,5376.25,5368.3835444863425,7.866455513657456
2024-04-02,5328.25,5370.160373488794,-41.910373488793994
2024-04-03,5334.25,5344.741267352672,-10.491267352672367
2024-04-04,5265.0,5289.9066035595715,-24.906603559571522
2024-04-05,5320.75,5293.759532536349,26.99046746365093
2024-04-08,5321.0,5307.427497804718,13.57250219528214
2024-04-09,5328.0,5331.57045759374,-3.570457593739775
2024-04-10,5275.5,5321.983475153391,-46.48347515339083
2024-04-11,5311.0,5295.744491888565,15.25550811143512
2024-04-12,5235.25,5259.698566230714,-24.448566230714277
2024-04-15,5171.75,5224.207694197673,-52.457694197672936
2024-04-16,5160.25,5167.186260930423,-6.936260930422577
2024-04-17,5130.0,5122.291137481123,7.70886251887714
2024-04-18,5116.75,5132.162017962659,-15.412017962658865
2024-04-19,5071.5,5094.419199316804,-22.919199316804225
2024-04-22,5115.25,5100.094727421567,15.155272578433141
2024-04-23,5174.25,5119.849945008584,54.400054991416255
2024-04-24,5175.25,5175.6460121684395,-0.3960121684394835
2024-04-25,5150.0,5185.893917356858,-35.893917356857855
2024-04-26,5199.25,5179.7404495821265,19.50955041787347
2024-04-29,5214.75,5183.848220278656,30.9017797213437
2024-04-30,5134.75,5189.720716503647,-54.970716503647054
2024-05-02,5159.25,5167.387904283869,-8.13790428386892
2024-05-03,5222.5,5164.586482670069,57.91351732993098
2024-05-06,5274.25,5234.1932624360525,40.056737563947536
2024-05-07,5281.5,5291.54350212264,-10.043502122640348
2024-05-08,5280.5,5305.806617116872,-25.306617116872076
2024-05-09,5306.75,5286.918608984117,19.831391015883128
2024-05-10,5314.0,5310.423140418001,3.576859581999088
2024-05-13,5313.25,5315.66946211094,-2.419462110940003
2024-05-14,5337.25,5336.712583514136,0.5374164858640142
2024-05-15,5400.75,5357.663897847163,43.08610215283716
2024-05-16,5388.0,5392.666926451877,-4.666926451876861
2024-05-17,5395.0,5413.19744519601,-18.19744519601045
2024-05-20,5399.5,5400.430285208218,-0.9302852082182653
2024-05-21,5413.0,5402.392899062295,10.607100937704672
2024-05-22,5395.75,5407.172559380286,-11.422559380285747
2024-05-23,5353.0,5386.898169981066,-33.89816998106562
2024-05-24,5389.25,5372.94897305852,16.301026941479904
2024-05-28,5392.5,5372.528801640122,19.971198359878144
2024-05-29,5351.75,5385.33465393223,-33.58465393223014
2024-05-30,5320.75,5351.914834383273,-31.164834383273046
2024-05-31,5363.25,5338.2795564240405,24.970443575959507
2024-06-03,5365.0,5341.899714745663,23.100285254336995
2024-06-04,5371.75,5382.311109494015,-10.561109494015
2024-06-05,5433.75,5403.669822732723,30.080177267276667
2024-06-06,5431.75,5422.974022042186,8.775977957813666
2024-06-07,5423.5,5443.437067060646,-19.93706706064586
2024-06-10,5439.0,5439.019837907745,-0.019837907744658878
2024-06-11,5451.75,5436.376044276243,15.373955723756808
2024-06-12,5495.25,5470.237941339175,25.01205866082455
2024-06-13,5506.25,5500.381297582639,5.868702417361419
2024-06-14,5505.25,5514.613390072442,-9.363390072441689
2024-06-17,5546.25,5532.878451539845,13.371548460155282
2024-06-18,5558.75,5543.3953022211135,15.354697778886475
2024-06-20,5544.5,5562.053115564069,-17.55311556406923
2024-06-21,5534.25,5551.069776778931,-16.819776778930645
2024-06-24,5517.0,5522.6614371173055,-5.661437117305468
2024-06-25,5537.0,5524.616849723752,12.383150276247761
2024-06-26,5543.5,5534.195417641065,9.304582358934567
2024-06-27,5546.0,5553.043727241171,-7.043727241170927
2024-06-28,5521.5,5544.194567089029,-22.69456708902908
2024-07-01,5533.75,5528.581760955846,5.168239044153779
2024-07-02,5568.75,5543.8748337391025,24.87516626089746
2024-07-03,5590.25,5569.342298090645,20.907701909354728
2024-07-05,5621.5,5617.9068840994005,3.593115900599514
2024-07-08,5625.25,5625.394063170448,-0.14406317044813477
2024-07-09,5631.25,5638.263289129989,-7.013289129989062
2024-07-10,5688.0,5654.713681505435,33.28631849456542
2024-07-11,5639.75,5662.615707622821,-22.86570762282099
2024-07-12,5664.75,5670.922878109479,-6.172878109478916
2024-07-15,5683.0,5662.788888182493,20.211111817507117
2024-07-16,5717.25,5692.9665969111975,24.283403088802515
2024-07-17,5639.0,5691.463060960138,-52.46306096013814
2024-07-18,5594.5,5648.386350503053,-53.88635050305311
2024-07-19,5553.75,5568.310692974572,-14.560692974571793
2024-07-22,5610.75,5565.212228665905,45.53777133409494
2024-07-23,5599.25,5586.575907320259,12.67409267974108
2024-07-24,5472.0,5565.893868707695,-93.89386870769522
2024-07-25,5441.25,5483.621041605959,-42.37104160595936
2024-07-26,5499.0,5435.358306975389,63.64169302461141
2024-07-29,5503.0,5466.397405223848,36.60259477615182
2024-07-30,5472.5,5512.273361701424,-39.77336170142371
2024-07-31,5558.0,5526.028314514111,31.971685485888884
2024-08-01,5480.25,5501.8550999226245,-21.605099922624504
2024-08-02,5376.0,5469.377622182382,-93.37762218238186
2024-08-05,5217.5,5313.987568260867,-96.48756826086719
2024-08-06,5266.25,5221.367928598189,44.88207140181112
2024-08-07,5227.5,5189.264043507754,38.23595649224626
2024-08-08,5348.25,5291.086998256944,57.16300174305616
2024-08-09,5370.25,5356.865770308585,13.384229691415385
2024-08-12,5369.75,5392.685086163416,-22.93508616341569
2024-08-13,5459.0,5427.265541006215,31.734458993784756
2024-08-14,5477.0,5440.590760052669,36.409239947331116
2024-08-15,5567.5,5527.551878676188,39.9481213238123
2024-08-16,5578.25,5573.380707357785,4.8692926422154414
2024-08-19,5630.0,5619.885200918816,10.114799081184174
2024-08-20,5619.75,5627.280548568139,-7.530548568139238
2024-08-21,5641.5,5639.525149242043,1.9748507579570287
2024-08-22,5594.0,5619.5066979322055,-25.506697932205498
2024-08-23,5652.5,5630.765693457475,21.73430654252479
2024-08-26,5637.0,5629.274863997551,7.72513600244929
2024-08-27,5644.75,5655.510435469244,-10.76043546924393
2024-08-28,5610.25,5636.3965873634515,-26.146587363451545
2024-08-29,5610.0,5614.820944762907,-4.820944762906947
2024-08-30,5661.0,5624.703871917654,36.296128082345604
2024-09-03,5541.75,5600.694373636512,-58.944373636511955
2024-09-04,5530.0,5570.492709627839,-40.49270962783885
2024-09-05,5512.25,5499.525514803104,12.72448519689624
2024-09-06,5419.5,5459.985146594998,-40.48514659499779
2024-09-09,5479.5,5464.486724801765,15.013275198234624
2024-09-10,5504.0,5460.356626010469,43.64337398953103
2024-09-11,5621.5,5558.289129443452,63.21087055654789
2024-09-12,5662.5,5636.960097808031,25.539902191969304
2024-09-13,5690.0,5699.585386806644,-9.585386806644237
2024-09-16,5698.25,5708.577045414497,-10.327045414496752
2024-09-17,5699.25,5698.356876123516,0.8931238764844238
2024-09-18,5681.0,5692.563210743561,-11.563210743561285
2024-09-19,5778.0,5721.2090587040275,56.790941295972516
2024-09-20,5762.0,5752.692098942844,9.307901057156414
2024-09-23,5776.75,5797.026748238293,-20.276748238293294
2024-09-24,5792.0,5788.033226543728,3.966773456271767
2024-09-25,5779.0,5784.121650534984,-5.121650534983928
2024-09-26,5804.5,5792.73047535659,11.769524643409568
2024-09-27,5791.25,5792.360371070745,-1.1103710707448045
2024-09-30,5814.25,5809.0523920548685,5.1976079451314945
2024-10-01,5759.75,5785.697024588555,-25.947024588554996
2024-10-02,5760.25,5772.463075784819,-12.213075784819011
2024-10-03,5749.5,5743.269898951184,6.230101048816323
2024-10-04,5800.0,5767.131819323298,32.86818067670174
2024-10-07,5744.75,5772.033532785681,-27.283532785681018
2024-10-08,5800.5,5793.743456415805,6.756543584195242
2024-10-09,5841.25,5797.588744485525,43.66125551447476
2024-10-10,5829.0,5831.3876807357265,-2.3876807357264624
2024-10-11,5859.75,5855.2595519219485,4.490448078051486
2024-10-14,5908.25,5872.240620266447,36.00937973355303
2024-10-15,5862.75,5886.314342700215,-23.564342700215093
2024-10-16,5887.0,5902.340077721813,-15.340077721813032
2024-10-17,5887.0,5877.635025293932,9.364974706068097
2024-10-18,5906.0,5892.271528991776,13.728471008224005
2024-10-21,5896.25,5901.167469059181,-4.917469059180803
2024-10-22,5892.5,5896.194876063186,-3.694876063185802
2024-10-23,5837.75,5864.5136617346525,-26.763661734652487
2024-10-24,5849.0,5847.679186797903,1.3208132020972698
2024-10-25,5846.0,5833.222987070714,12.777012929285775
2024-10-28,5861.5,5855.747585393786,5.752414606214188
2024-10-29,5871.0,5869.65191469005,1.3480853099499654
2024-10-30,5852.0,5865.391857338913,-13.391857338912814
2024-10-31,5738.5,5810.78881010674,-72.28881010674013
2024-11-01,5758.25,5759.373420913756,-1.1234209137555808
2024-11-04,5743.25,5716.537995294188,26.712004705812433
2024-11-05,5812.25,5770.170885193362,42.079114806638245
2024-11-06,5958.25,5865.770901568643,92.47909843135676
2024-11-07,6003.75,5971.39681913729,32.35318086271036
2024-11-08,6025.25,6047.751653376373,-22.501653376372815
2024-11-11,6031.75,6046.013433344276,-14.263433344275654
2024-11-12,6013.0,6023.730354854021,-10.730354854021243
2024-11-13,6016.0,6015.027645856761,0.97235414323859
2024-11-14,5978.25,5994.592010177332,-16.34201017733176
2024-11-15,5896.5,5949.331003399319,-52.83100339931934
2024-11-18,5920.0,5911.831627800575,8.168372199424994
2024-11-19,5938.75,5903.535947606101,35.21405239389878
2024-11-20,5937.75,5939.322134905366,-1.5721349053656013
2024-11-21,5970.5,5968.560767606274,1.9392323937263427
2024-11-22,5987.0,5973.699386438285,13.300613561715181
2024-11-25,6006.5,5998.535229202476,7.96477079752367
2024-11-26,6038.25,6019.969262844591,18.280737155409042
2024-11-27,6015.0,6022.690673056126,-7.690673056125888
2024-11-29,6051.5,6036.65724010752,14.84275989247999
2024-12-02,6061.75,6051.863368293212,9.886631706787739
2024-12-03,6063.25,6066.518127844054,-3.2681278440541064
2024-12-04,6098.5,6090.337585943659,8.162414056340822
2024-12-05,6088.75,6082.9963052013845,5.75369479861547
2024-12-06,6099.0,6102.100390901462,-3.100390901461651
2024-12-09,6133.75,6112.2502410540255,21.499758945974463
2024-12-10,6114.25,6122.179922519823,-7.929922519822867
2024-12-11,6160.75,6147.357775154411,13.392224845589226
2024-12-12,6128.75,6138.5610353836255,-9.811035383625494
2024-12-13,6123.5,6139.910773985831,-16.41077398583093
2024-12-16,6148.5,6131.050057274817,17.449942725183064
2024-12-17,6121.75,6122.566342434714,-0.816342434713988
2024-12-18,5940.25,6061.141481500908,-120.89148150090841
2024-12-19,5934.0,5961.402210548658,-27.40221054865833
2024-12-20,6001.75,5914.057815007447,87.69218499255294
2024-12-23,6036.0,5983.0300478372155,52.969952162784466
2024-12-24,6098.0,6079.711768503781,18.28823149621894
2024-12-27,6027.0,6079.930448841059,-52.93044884105893
2024-12-30,5958.75,6021.703423086029,-62.953423086029034
2024-12-31,5935.75,5944.0636013101885,-8.31360131018846
2025-01-02,5916.5,5904.676099397273,11.823900602727008
2025-01-03,5989.5,5942.437775326216,47.06222467378393
2025-01-06,6020.5,5991.521430139185,28.978569860814787
2025-01-07,5954.25,6006.4229582769985,-52.17295827699854
2025-01-08,5959.25,5982.258348745652,-23.008348745652256
2025-01-09,5944.75,5931.011004128211,13.738995871788575
2025-01-10,5866.25,5902.590424337391,-36.34042433739069
2025-01-13,5874.5,5883.585413765084,-9.085413765084013
2025-01-14,5882.25,5852.205922230016,30.044077769984142
2025-01-15,5989.0,5926.9263630465675,62.07363695343247
2025-01-16,5975.5,5970.640481855104,4.859518144896356
2025-01-17,6033.5,6035.753115164915,-2.2531151649145613
2025-01-21,6084.25,6047.499932184324,36.75006781567572
2025-01-22,6120.5,6094.35430024754,26.145699752460132
2025-01-23,6152.0,6145.399785339938,6.600214660062193
2025-01-24,6133.25,6148.418918120884,-15.168918120883973
2025-01-27,6046.75,6109.6650222920325,-62.91502229203252
2025-01-28,6097.0,6072.958386360568,24.0416136394324
2025-01-29,6067.5,6052.053960713723,15.446039286276573
2025-01-30,6099.25,6086.497399931639,12.752600068361062
2025-01-31,6067.25,6088.975196856818,-21.725196856818002
2025-02-03,6022.25,6055.009088747296,-32.75908874729612
2025-02-04,6063.0,6040.144806856077,22.855193143923316
2025-02-05,6086.5,6046.647383052868,39.85261694713245
2025-02-06,6106.0,6096.729762933437,9.270237066562913
2025-02-07,6049.5,6092.787690018104,-43.2876900181036
2025-02-10,6088.75,6082.377095680777,6.37290431922338
2025-02-11,6092.25,6066.360269810732,25.889730189268448
2025-02-12,6072.75,6087.065968750465,-14.31596875046489
2025-02-13,6135.25,6109.796738406648,25.45326159335218
2025-02-14,6132.0,6117.546422833544,14.453577166455943
2025-02-18,6146.75,6149.666107209113,-2.9161072091128517
2025-02-19,6163.0,6152.980525051708,10.019474948291645
2025-02-20,6136.5,6150.657394173391,-14.157394173391367
2025-02-21,6029.0,6100.06265984916,-71.0626598491599
2025-02-24,6000.75,6031.64981491562,-30.899814915619572
2025-02-25,5970.0,5960.2083037185985,9.791696281401528
2025-02-26,5970.75,5958.666682961359,12.083317038641326
2025-02-27,5876.25,5928.29489456527,-52.044894565269715
2025-02-28,5963.25,5926.70992200118,36.54007799882038
2025-03-03,5860.75,5884.630928803694,-23.880928803693678
2025-03-04,5789.5,5857.986813433461,-68.48681343346107
2025-03-05,5851.25,5818.636368815054,32.613631184945916
2025-03-06,5746.25,5767.778834276023,-21.52883427602319
2025-03-07,5776.0,5788.478196735949,-12.478196735948586
2025-03-10,5620.75,5692.929054945929,-72.17905494592924
2025-03-11,5627.25,5641.8780984607165,-14.628098460716501
2025-03-12,5655.0,5603.471967367283,51.52803263271744
2025-03-13,5577.75,5604.294536233009,-26.54453623300924
2025-03-14,5690.25,5649.2839598724495,40.966040127550514
2025-03-17,5730.5,5673.618990642613,56.881009357386574
2025-03-18,5668.25,5714.191178614842,-45.9411786148421
2025-03-19,5728.75,5729.28130285047,-0.5313028504697286
2025-03-20,5712.75,5693.253879937397,19.49612006260304
2025-03-21,5718.25,5721.278646381163,-3.0286463811626163
2025-03-24,5815.5,5761.55960521209,53.94039478791001
2025-03-25,5826.5,5805.56496662401,20.935033375990315
2025-03-26,5759.5,5818.875613091296,-59.375613091296145
